No,NIM,OOP,RPB,RPL,PI,APSI,WEB,Statistik,Matdis,Alpro,Strukdat,SE,PO,SCM,EA,Basdat,Manjarkom,Sisop,MSDM,Desjar,KSI,Pilihan 1,Peminatan,MP1,MP2,MP3,Status,Tanggal Lulus,Keterangan
1,1202150001,2,3.5,0,3.5,3,3,2,2,3,2,3.5,3.5,3,3.5,2,2,2.5,3.5,3.5,2,TECHNO,TECHNO,3.5,3,3,GRADUATED,30/08/19,TEPAT WAKTU
2,1202150002,3,3.5,3.5,4,3,3,3.5,3.5,3.5,3,3.5,4,4,3,3.5,2.5,3.5,3.5,3.5,3.5,ERP,ERP,4,4,3.5,GRADUATED,10/07/19,TEPAT WAKTU
3,1202150003,1,0,0,0,1,0,0,0,0,2,2,0,0,0,0,0,0,0,1,0,OUT,OUT,0,0,0,RESIGN,OUT,TIDAK TEPAT WAKTU
4,1202150004,3.5,4,3.5,4,3.5,4,3.5,3.5,3.5,4,3,4,4,3,3.5,3.5,3.5,3.5,4,4,EAD,EAD,3.5,4,2,GRADUATED,05/07/19,TEPAT WAKTU
5,1202150005,2,2.5,2,1,3.5,1,2,1,2.5,0,2.5,4,2,2,1,2,2,1,2,1,OUT,OUT,0,0,0,STUDENT,OUT,TIDAK TEPAT WAKTU
6,1202150006,3,2,3,0,1,2,3,0,2,2,2.5,4,0,3.5,1,1,3,0,2.5,3,OUT,OUT,0,0,0,NON-ACTIVE,OUT,TIDAK TEPAT WAKTU
7,1202150007,3.5,2,3.5,3,3.5,2.5,3.5,2.5,2,3.5,3.5,3.5,3.5,2.5,3.5,3.5,3.5,3,4,4,EIM,EIM,3.5,4,3.5,GRADUATED,05/07/19,TEPAT WAKTU
8,1202150009,2.5,3,0,3,3.5,3.5,2,1,3,2,4,3.5,2.5,2.5,2,3,3.5,3.5,3.5,2.5,ERP,ERP,2,2,0,GRADUATED,16/08/19,TEPAT WAKTU
9,1202150010,2.5,2.5,3.5,3,3.5,2,2,1,3.5,3.5,3,4,2.5,3,3,2,3.5,3,3,3.5,EIM,EIM,3.5,4,3.5,GRADUATED,05/07/19,TEPAT WAKTU
10,1202150011,2,3.5,4,3,3.5,2.5,2.5,1,2.5,2.5,2.5,4,2,3.5,2.5,2,2,2,3.5,3.5,EA,EA,2,2.5,3,STUDENT,OUT,TIDAK TEPAT WAKTU
11,1202150012,2,3,3.5,3.5,4,3.5,3,2,3.5,4,3,4,4,2.5,3,3.5,3.5,3.5,4,4,EIM,EIM,3.5,4,3.5,GRADUATED,10/07/19,TEPAT WAKTU
12,1202150013,3,2,2,2,3.5,3,3.5,2,3,3.5,3.5,4,3.5,2,3,2,2,2,3.5,2,ERP,ERP,3.5,3.5,3,STUDENT,OUT,TIDAK TEPAT WAKTU
13,1202150014,2.5,2,3.5,2,2.5,2,0,0,2.5,3,2.5,3.5,2.5,3,0,0,2,2,3,3,OUT,OUT,0,0,0,STUDENT,OUT,TIDAK TEPAT WAKTU
14,1202150015,3,2,4,3.5,3,2.5,3.5,3.5,2,3.5,3,4,3.5,3.5,2.5,2,2.5,3,3.5,2.5,ERP,ERP,3.5,2.5,3.5,GRADUATED,30/08/19,TEPAT WAKTU
15,1202150016,3.5,2,3.5,4,4,3.5,3.5,3.5,3,3.5,4,4,3.5,3.5,3,2,2.5,3.5,3,3,ERP,ERP,3.5,4,4,GRADUATED,16/08/19,TEPAT WAKTU
16,1202150017,4,3.5,4,3.5,4,4,2.5,3,4,4,4,3,3.5,3,4,3.5,3.5,3.5,4,3.5,TECHNO,TECHNO,4,4,4,GRADUATED,28/06/19,TEPAT WAKTU
17,1202150018,2,3.5,3,3.5,3,2,1,1,2.5,3.5,3,4,3.5,3,2.5,2,3,2.5,3,3.5,ISM,ISM,3.5,4,3,GRADUATED,16/08/19,TEPAT WAKTU
18,1202150019,2.5,3,4,3.5,3.5,3.5,2,0,3,3,3,4,3,3.5,3,2.5,2,2,3.5,3.5,ISM,ISM,3.5,4,2.5,GRADUATED,05/07/19,TEPAT WAKTU
19,1202150020,2,3,3.5,3.5,3.5,3.5,1,1,3.5,4,3.5,4,3.5,3.5,2.5,3.5,3.5,3.5,4,4,EIM,EIM,4,4,4,GRADUATED,28/06/19,TEPAT WAKTU
20,1202150022,4,3,3.5,4,3.5,3.5,4,4,4,4,4,4,4,4,3.5,3.5,4,3.5,4,4,ERP,ERP,3.5,4,3.5,GRADUATED,30/08/19,TEPAT WAKTU
21,1202150023,3.5,2.5,3.5,4,3.5,3,3,1,2.5,3.5,2,3.5,3.5,3.5,3,3.5,3,3.5,3.5,3,ERP,ERP,3.5,2.5,3.5,GRADUATED,30/08/19,TEPAT WAKTU
22,1202150024,3.5,2.5,3.5,3.5,3,3.5,4,4,3.5,4,4,4,3.5,3.5,3.5,3.5,3.5,3,3.5,4,TECHNO,TECHNO,4,4,4,GRADUATED,05/07/19,TEPAT WAKTU
23,1202150025,3,3,4,3.5,3,3,3,1,3.5,3,3.5,3.5,3.5,3.5,3.5,3.5,3.5,3.5,3.5,3.5,EIM,EIM,3.5,4,4,GRADUATED,10/07/19,TEPAT WAKTU
24,1202150026,1,0,0,3.5,0,2.5,1,1,2,2,2,0,0,0,0,0,2,0,3.5,0,OUT,OUT,0,0,0,STUDENT,OUT,TIDAK TEPAT WAKTU
25,1202150029,3.5,3,3.5,4,4,3,4,4,3.5,3.5,3.5,4,4,3.5,3,4,4,3.5,4,4,ISM,ISM,0,0,0,GRADUATED,30/08/19,TEPAT WAKTU
26,1202150030,2.5,3,1,0,3,2,1,0,3,1,2.5,4,3,2,0,2,2.5,0,2,3.5,EA,EA,3.5,2.5,3.5,STUDENT,OUT,TIDAK TEPAT WAKTU
27,1202150031,3,2.5,3.5,3,3.5,2.5,2,0,3,3.5,3,3.5,2.5,3.5,3,2.5,3.5,2.5,3.5,3.5,EA,EA,4,3,2,GRADUATED,30/08/19,TEPAT WAKTU
28,1202150032,4,3.5,4,4,3.5,4,3.5,4,3.5,4,4,4,4,3.5,4,3.5,3.5,3.5,3.5,3.5,EDM,EDM,4,4,4,GRADUATED,10/07/19,TEPAT WAKTU
29,1202150033,3,3,3.5,3,2,3,2,1,3.5,2,3.5,3,4,3,3.5,3.5,3,3.5,3.5,3.5,EIM,EIM,3.5,4,3.5,GRADUATED,30/08/19,TEPAT WAKTU
30,1202150034,4,3,3.5,4,3,2,3.5,4,3.5,4,3.5,4,4,3.5,3.5,2.5,3.5,3.5,3.5,3,TECHNO,TECHNO,3,3,3,GRADUATED,16/08/19,TEPAT WAKTU
31,1202150035,3,3,4,3.5,4,2,2,1,3.5,3.5,3.5,4,3,3,2.5,2,2,2.5,3.5,3.5,ISM,ISM,4,4,3.5,GRADUATED,05/07/19,TEPAT WAKTU
32,1202150036,2.5,3.5,4,3,4,3,3,2,3.5,3.5,2.5,4,3,3,3.5,3,2.5,3.5,3.5,3,EAD,EAD,3,3.5,3,GRADUATED,16/08/19,TEPAT WAKTU
33,1202150037,3,3.5,3,3.5,4,2.5,4,3,3.5,3.5,3.5,4,4,3.5,3,3.5,3.5,3.5,3.5,3.5,EA,EA,4,3.5,3.5,GRADUATED,28/06/19,TEPAT WAKTU
34,1202150038,3.5,2.5,3.5,0,3.5,3,2.5,1,3,3.5,3.5,4,3.5,3.5,2.5,3.5,3.5,3,3.5,3.5,TECHNO,TECHNO,3.5,3,3,GRADUATED,30/08/19,TEPAT WAKTU
35,1202150039,0,0,0,0,0,0,0,0,0,0,3,0,0,0,0,0,0,0,1,0,OUT,OUT,0,0,0,RESIGN,OUT,TIDAK TEPAT WAKTU
36,1202150040,0,0,0,0,0,0,0,0,0,0,4,0,0,0,0,0,0,0,0,0,OUT,OUT,0,0,0,RESIGN,OUT,TIDAK TEPAT WAKTU
37,1202150041,2.5,3,0,2.5,2,2,2,2,2.5,1,3.5,3,2.5,3,2.5,2,2.5,3.5,2,3.5,EA,EA,3.5,2.5,3.5,STUDENT,OUT,TIDAK TEPAT WAKTU
38,1202150042,3,3,3,2.5,2,1,1,2,3.5,2.5,3.5,4,3,2.5,2.5,2,2.5,3.5,2.5,2,ERP,ERP,3.5,0,3.5,GRADUATED,16/08/19,TEPAT WAKTU
39,1202150043,2.5,2.5,3.5,3.5,3.5,3,2,1,2,3,3.5,4,2,3,3,2,2,2,3,3.5,ISM,ISM,3.5,4,3.5,GRADUATED,05/07/19,TEPAT WAKTU
40,1202150044,2,3.5,3,3,3.5,2,2,1,3.5,3.5,3,4,4,2,3,2,2,3,3,3,ERP,ERP,3.5,0,2.5,GRADUATED,30/08/19,TEPAT WAKTU
41,1202150046,2.5,0,2,2,2.5,1,2,0,3.5,2.5,2,4,3,2.5,2,2,2,2.5,2,3.5,EA,EA,2.5,2.5,3.5,STUDENT,OUT,TIDAK TEPAT WAKTU
42,1202150047,0,0,0,0,0,0,0,4,3,0,3.5,4,0,0,0,0,0,0,0,0,OUT,OUT,0,0,0,RESIGN,OUT,TIDAK TEPAT WAKTU
43,1202150048,3.5,0,0,0,0,0,3,2,1,3.5,4,3,0,0,0,0,0,0,3,0,OUT,OUT,0,0,0,RESIGN,OUT,TIDAK TEPAT WAKTU
44,1202150049,4,3,3,3,3.5,3.5,2.5,1,4,3.5,4,2,3.5,1,3.5,2,3,2.5,3.5,3.5,TECHNO,TECHNO,4,4,2.5,GRADUATED,30/08/19,TEPAT WAKTU
45,1202150050,0,0,0,0,0,0,0,0,0,0,2.5,0,0,0,0,0,0,0,0,0,OUT,OUT,0,0,0,RESIGN,OUT,TIDAK TEPAT WAKTU
46,1202150051,0,0,0,0,0,0,0,0,1,0,2.5,4,0,0,0,0,0,0,2,0,OUT,OUT,0,0,0,RESIGN,OUT,TIDAK TEPAT WAKTU
47,1202150052,2.5,4,3.5,3.5,4,3.5,3.5,4,3.5,3.5,3,4,4,4,3.5,3,2.5,4,3.5,4,EA,EA,4,3.5,4,GRADUATED,28/06/19,TEPAT WAKTU
48,1202150054,3.5,3.5,4,3.5,3.5,3.5,4,3.5,3.5,4,4,4,3.5,3.5,3.5,4,3.5,3,4,4,EAD,EAD,4,3.5,4,GRADUATED,30/08/19,TEPAT WAKTU
49,1202150055,3.5,2.5,3,2.5,3.5,3,3,2.5,2,4,3,4,2.5,3,3.5,3.5,3.5,3.5,3.5,3.5,EA,EA,4,3,3.5,GRADUATED,30/08/19,TEPAT WAKTU
50,1202150056,0,0,0,0,0,0,0,0,0,0,4,3.5,0,0,0,0,0,0,0,0,OUT,OUT,0,0,0,RESIGN,OUT,TIDAK TEPAT WAKTU
51,1202150057,2,3,3,3.5,2.5,3,1,1,2,2,3.5,2,2.5,3,3,2,3.5,3,2,3.5,EIM,EIM,3.5,4,3.5,GRADUATED,05/07/19,TEPAT WAKTU
52,1202150058,2.5,3.5,3.5,3.5,3,2.5,3,2,1,3.5,3.5,4,4,3.5,3,2.5,3.5,3.5,2.5,2,ERP,ERP,4,4,3.5,GRADUATED,16/08/19,TEPAT WAKTU
53,1202150059,3.5,2.5,4,3.5,3.5,0,3,0,2.5,3,3.5,4,2.5,3,3.5,2,2.5,2,3,2.5,OUT,OUT,0,0,0,STUDENT,OUT,TIDAK TEPAT WAKTU
54,1202150060,2,3,0,3.5,3.5,1,2,1,3.5,2,3,4,2.5,0,2.5,2,0,0,3.5,0,OUT,OUT,0,0,0,STUDENT,OUT,TIDAK TEPAT WAKTU
55,1202150061,2.5,2.5,4,2.5,4,2.5,2,1,3,3.5,3.5,4,4,3.5,2,2,2.5,3,3.5,3.5,ERP,ERP,2.5,2,3.5,GRADUATED,16/08/19,TEPAT WAKTU
56,1202150062,3,2,3.5,0,3,1,1,0,3.5,0,2,3.5,1,2.5,1,2,2,0,2,2,EA,EA,2.5,0,0,STUDENT,OUT,TIDAK TEPAT WAKTU
57,1202150063,3.5,3,3,4,3.5,2.5,4,2,3,4,3,3.5,3.5,3.5,3,3.5,3.5,3.5,3.5,3.5,ISM,ISM,4,4,3.5,GRADUATED,05/07/19,TEPAT WAKTU
58,1202150064,3.5,2.5,4,3.5,3.5,3,3,3,2.5,3.5,4,4,3.5,3.5,3.5,3.5,3,3.5,3,3.5,ERP ,ERP ,4,3.5,3.5,GRADUATED,16/08/19,TEPAT WAKTU
59,1202150065,2.5,3.5,2.5,3.5,3.5,2.5,3.5,4,3.5,3,3.5,3,4,3.5,3.5,3.5,3,4,3.5,3.5,ERP,ERP,4,4,4,GRADUATED,30/08/19,TEPAT WAKTU
60,1202150066,2.5,3.5,4,3,3,3.5,3,3,3.5,3.5,3,4,3.5,3.5,3.5,2.5,4,3.5,3,3.5,EIM,EIM,3.5,4,3.5,GRADUATED,16/08/19,TEPAT WAKTU
61,1202150067,3,3.5,4,3.5,3.5,3,3.5,3,3,4,3.5,4,3.5,3.5,3.5,2.5,3.5,3.5,3.5,3.5,ERP,ERP,3.5,3.5,4,GRADUATED,10/07/19,TEPAT WAKTU
62,1202150068,3.5,4,3.5,4,4,3.5,3.5,2.5,4,4,3.5,4,4,3.5,3.5,3.5,3.5,3.5,3.5,3.5,TECHNO,TECHNO,3.5,3,3,GRADUATED,30/08/19,TEPAT WAKTU
63,1202150069,3.5,3.5,0,4,4,3,4,3.5,3.5,3.5,4,4,4,3.5,3,4,3.5,3.5,4,0,ERP,ERP,3.5,3.5,3.5,STUDENT,OUT,TIDAK TEPAT WAKTU
64,1202150070,2.5,2.5,2,0,3,2.5,2,0,2,3.5,2,4,3,2,2,2,2,3,3.5,3.5,EA,EA,4,0,2.5,STUDENT,OUT,TIDAK TEPAT WAKTU
65,1202150071,3.5,2,3.5,3.5,3.5,3,3.5,2.5,4,4,3.5,3.5,3.5,3,3.5,4,4,3.5,4,4,EIM,EIM,3.5,4,4,GRADUATED,05/07/19,TEPAT WAKTU
66,1202150072,4,3.5,3.5,3.5,3.5,3.5,3,4,4,3.5,4,4,4,3.5,4,3.5,3.5,3.5,3.5,3.5,ERP,ERP,3.5,3.5,3.5,GRADUATED,30/08/19,TEPAT WAKTU
67,1202150073,2,2,0,3.5,2.5,3,2,1,2,3,3.5,3,2.5,2.5,2,2,2,0,2.5,2,ERP,ERP,3,3.5,3.5,STUDENT,OUT,TIDAK TEPAT WAKTU
68,1202150074,2.5,3.5,3.5,4,3,2.5,1,1,4,3.5,3.5,4,3.5,3.5,3.5,2,3.5,3.5,3.5,2.5,EDM,EDM,3.5,4,4,GRADUATED,30/08/19,TEPAT WAKTU
69,1202150075,3.5,2.5,3.5,3.5,3.5,3.5,2,1,3.5,3.5,3,4,3.5,3.5,3,3.5,3,2.5,3,3,EDM,EDM,4,4,3.5,GRADUATED,05/07/19,TEPAT WAKTU
70,1202150076,2,3,3,3.5,4,2.5,1,0,2.5,3.5,2.5,4,4,3,3,2.5,2.5,3.5,3.5,3.5,EA,EA,4,3.5,3,GRADUATED,28/06/19,TEPAT WAKTU
71,1202150077,3.5,2,4,2,3.5,2.5,2,2.5,2,3,3.5,4,3,3,2.5,2,3,2.5,3,3.5,TECHNO,TECHNO,3.5,4,4,GRADUATED,30/08/19,TEPAT WAKTU
72,1202150078,0,0,0,0,0,0,0,0,0,0,0,0,0,0,0,0,0,0,0,0,OUT,OUT,0,0,0,RESIGN,OUT,TIDAK TEPAT WAKTU
73,1202150079,4,2.5,4,3.5,3.5,4,3.5,2,3.5,4,3.5,4,3.5,3.5,3,3.5,3.5,3.5,4,3.5,EAD,EAD,3.5,4,3.5,GRADUATED,30/08/19,TEPAT WAKTU
74,1202150080,3.5,2,4,3,2,3.5,3.5,3.5,3,3.5,4,3.5,3.5,3.5,2,2,3,3,2.5,3.5,ISM,ISM,3.5,3.5,3.5,GRADUATED,05/07/19,TEPAT WAKTU
75,1202150081,2,2.5,0,2.5,2.5,2.5,1,1,3,2,3,3,2.5,3,3,2,2.5,3.5,3,3.5,EA,EA,2,3,0,STUDENT,OUT,TIDAK TEPAT WAKTU
76,1202150082,3,4,4,4,4,4,3,3.5,2.5,4,3.5,4,3,3.5,3.5,3,3.5,3.5,3.5,3.5,TECHNO,TECHNO,3.5,4,4,GRADUATED,30/08/19,TEPAT WAKTU
77,1202150083,2.5,2,3.5,3,2.5,2,0,0,3.5,0,2.5,4,1,0,0,0,0,1,2,3,OUT,OUT,0,0,0,STUDENT,OUT,TIDAK TEPAT WAKTU
78,1202150084,2.5,3.5,4,3.5,4,3.5,3,4,2.5,4,2.5,4,4,4,3.5,3,2.5,3.5,4,3.5,EAD,EAD,3.5,4,3.5,GRADUATED,28/06/19,TEPAT WAKTU
79,1202150085,2.5,2,3.5,2,3.5,2,3.5,2,2.5,3.5,3.5,4,3,3.5,3,3,3.5,3,3,3.5,EA,EA,2.5,3,3.5,GRADUATED,05/07/19,TEPAT WAKTU
80,1202150086,2.5,3.5,3,4,3.5,3.5,4,4,3,3.5,3.5,4,3.5,3.5,3.5,3,3.5,3.5,3.5,3.5,ERP,ERP,3.5,3,3.5,GRADUATED,30/08/19,TEPAT WAKTU
81,1202150087,3.5,3,3.5,3,3.5,3,4,4,2.5,4,3,3.5,4,3.5,3,3.5,3.5,3.5,2.5,3.5,EA,EA,4,2.5,4,GRADUATED,28/06/19,TEPAT WAKTU
82,1202150088,3.5,2.5,4,3.5,3,3.5,1,2,2,3.5,4,4,3.5,3.5,3,3.5,3.5,3,3.5,3.5,EIM,EIM,3.5,4,3.5,GRADUATED,10/07/19,TEPAT WAKTU
83,1202150089,2,3.5,3,4,3,2.5,2,1,3,2.5,3.5,3,3.5,3.5,2.5,2,2,3,3.5,4,ISM,ISM,4,4,3.5,GRADUATED,05/07/19,TEPAT WAKTU
84,1202150090,0,0,0,0,0,0,0,0,0,0,0,0,0,0,0,0,0,0,0,0,OUT,OUT,0,0,0,RESIGN,OUT,TIDAK TEPAT WAKTU
85,1202150091,3.5,3,4,3.5,3.5,3.5,0,0,2,3.5,3.5,4,2.5,2,3,1,2,4,3.5,2,ERP,ERP,0,4,3.5,STUDENT,OUT,TIDAK TEPAT WAKTU
86,1202150092,3,3,3,3.5,4,2.5,2.5,2.5,2.5,3.5,3.5,4,4,2,3.5,3.5,2.5,3,3.5,2,ERP,ERP,3.5,2,3.5,GRADUATED,16/08/19,TEPAT WAKTU
87,1202150093,3.5,3,3.5,2,4,3.5,4,3.5,3,4,4,4,4,3.5,3,4,4,3,4,4,EIM,EIM,3.5,4,3.5,GRADUATED,28/06/19,TEPAT WAKTU
88,1202150094,3,3,2,0,3.5,2,2,0,2,3,4,4,3.5,3.5,2,2.5,2.5,3,3.5,3.5,EA,EA,4,3,0,STUDENT,OUT,TIDAK TEPAT WAKTU
89,1202150095,2,0,2.5,2,2.5,0,3,3,3,1,3,4,3,3,1,2,3,2.5,3,3.5,OUT,OUT,0,0,0,STUDENT,OUT,TIDAK TEPAT WAKTU
90,1202150096,2.5,2,3.5,1,1,2,3.5,1,2.5,3,4,4,0,0,2.5,2,0,0,2,2.5,OUT,OUT,0,0,0,STUDENT,OUT,TIDAK TEPAT WAKTU
91,1202150097,4,3,3.5,3,3,3.5,2.5,2,3.5,3.5,4,2.5,3,3.5,3.5,4,3.5,3,4,3.5,TECHNO,TECHNO,4,4,3.5,GRADUATED,30/08/19,TEPAT WAKTU
92,1202150098,1,3,3,3.5,2.5,1,1,2.5,3.5,3.5,2,4,2.5,2.5,2.5,2.5,3,3.5,2,1,EA,EA,1,2,3,STUDENT,OUT,TIDAK TEPAT WAKTU
93,1202150099,2.5,3,3.5,3.5,3.5,2,2.5,1,4,3.5,3.5,4,3,3.5,3,4,3.5,3,4,4,EIM,EIM,3.5,4,4,GRADUATED,28/06/19,TEPAT WAKTU
94,1202150100,3,3.5,3,3,4,3.5,2.5,2,3.5,4,2.5,4,3.5,3,3.5,4,4,3.5,4,4,EIM,EIM,3.5,4,4,GRADUATED,05/07/19,TEPAT WAKTU
95,1202150101,3.5,3.5,3,2.5,3.5,3.5,1,1,3.5,3.5,4,4,3.5,3.5,3,3.5,2.5,3.5,4,3.5,ERP,ERP,3.5,3.5,3.5,GRADUATED,30/08/19,TEPAT WAKTU
96,1202150102,0,0,0,0,0,0,0,0,3,0,3.5,3,0,0,0,0,0,0,1,0,OUT,OUT,0,0,0,RESIGN,OUT,TIDAK TEPAT WAKTU
97,1202150103,3,3.5,3.5,3.5,3.5,3,3.5,4,2.5,3.5,3.5,3.5,4,4,3.5,4,2.5,3.5,3.5,4,ERP,ERP,3.5,4,3.5,GRADUATED,10/07/19,TEPAT WAKTU
98,1202150104,2.5,2.5,3.5,3,3.5,3.5,3.5,2,2.5,3.5,4,4,3.5,3,3.5,2,3,3.5,3,3.5,EAD,EAD,2.5,3.5,3,GRADUATED,16/08/19,TEPAT WAKTU
99,1202150105,0,0,0,0,0,0,0,2.5,2,0,3,2,0,0,0,0,0,0,0,0,OUT,OUT,0,0,0,RESIGN,OUT,TIDAK TEPAT WAKTU
100,1202150106,0,0,0,0,0,0,0,0,0,0,2,0,0,0,0,0,0,0,0,0,OUT,OUT,0,0,0,RESIGN,OUT,TIDAK TEPAT WAKTU
101,1202150107,4,0,0,0,0,0,0,0,4,3.5,3.5,4,3,0,0,0,4,0,3.5,0,OUT,OUT,0,0,0,STUDENT,OUT,TIDAK TEPAT WAKTU
102,1202150108,2,3.5,3.5,2.5,3.5,2.5,2.5,0,3,3.5,3,4,4,2.5,3.5,4,3,3,4,4,EIM,EIM,4,4,4,GRADUATED,30/08/19,TEPAT WAKTU
103,1202150109,2.5,3,3.5,3.5,3.5,2.5,3,2,3,3.5,3.5,4,2.5,1,2.5,3.5,2,3.5,3.5,2.5,EIM,EIM,2,4,3.5,GRADUATED,10/07/19,TEPAT WAKTU
104,1202150110,3.5,3.5,4,4,3.5,4,4,4,3.5,3.5,4,4,3.5,4,3.5,3.5,4,4,4,4,EA,EA,4,4,4,GRADUATED,28/06/19,TEPAT WAKTU
105,1202150111,3.5,2,3,3,3.5,2,3,3,2.5,4,3.5,4,3.5,2.5,3,4,3.5,3.5,4,3.5,EIM,EIM,3.5,4,3.5,GRADUATED,30/08/19,TEPAT WAKTU
106,1202150112,3.5,2,3.5,3,3,3,3.5,3,3.5,2.5,4,4,3.5,3,3,3.5,3.5,3.5,3.5,3.5,EIM,EIM,3.5,4,3.5,GRADUATED,10/07/19,TEPAT WAKTU
107,1202150236,2.5,3.5,3.5,3.5,4,3,3.5,3,3.5,3.5,3,4,4,3.5,3.5,2,3.5,3.5,4,4,ERP,ERP,4,3.5,4,GRADUATED,05/07/19,TEPAT WAKTU
108,1202150237,3.5,3.5,3.5,3,4,2,4,4,3.5,3,3.5,4,3.5,3.5,3,2,3.5,3.5,3.5,2.5,EA,EA,4,3,3.5,GRADUATED,16/08/19,TEPAT WAKTU
109,1202150238,3,2.5,3,2,3.5,2.5,3,3,3.5,3.5,3,4,3.5,3.5,3,2,2,3,3.5,3,ERP,ERP,3.5,3,3.5,GRADUATED,30/08/19,TEPAT WAKTU
110,1202150239,3,2.5,3.5,2.5,2.5,2,3.5,2.5,2.5,3.5,2.5,3.5,2.5,2,1,2,2,3,3.5,2.5,EA,EA,3.5,3,3,STUDENT,OUT,TIDAK TEPAT WAKTU
111,1202150240,3.5,2,4,3.5,3.5,3.5,3.5,4,2.5,4,4,4,3.5,4,3.5,2.5,2.5,3,4,2.5,EA,EA,4,3.5,3.5,GRADUATED,16/08/19,TEPAT WAKTU
112,1202150241,0,0,0,0,0,0,0,0,0,0,3.5,0,0,0,0,0,0,0,0,0,OUT,OUT,0,0,0,RESIGN,OUT,TIDAK TEPAT WAKTU
113,1202150242,2,3,3,4,3,3,2,1,3.5,2,3,4,2,3,3,2,3.5,3,2,2.5,EA,EA,3.5,3.5,3.5,GRADUATED,30/08/19,TEPAT WAKTU
114,1202150243,2.5,3.5,3.5,3.5,4,4,3.5,4,4,3.5,3.5,4,4,4,4,3.5,3.5,3.5,4,3.5,EDM,EDM,4,4,4,GRADUATED,28/06/19,TEPAT WAKTU
115,1202150244,2.5,3,3.5,3,3.5,2,2.5,1,3.5,3.5,2.5,4,4,3.5,3,3,2,3,3.5,3,EAD,EAD,3,3.5,2.5,GRADUATED,30/08/19,TEPAT WAKTU
116,1202150245,3.5,3,4,3.5,3.5,3.5,4,4,3,3.5,3.5,4,4,3.5,3.5,3,4,3,3.5,4,TECHNO,TECHNO,4,4,4,GRADUATED,05/07/19,TEPAT WAKTU
117,1202150246,3.5,3,3.5,3.5,4,3,4,4,3.5,3.5,4,4,4,3.5,3.5,3,4,3.5,3.5,4,ERP,ERP,4,3.5,3.5,GRADUATED,10/07/19,TEPAT WAKTU
118,1202150247,3.5,2,3.5,3,2.5,2,3.5,1,2,2.5,3,3.5,3,2.5,2.5,2,2,2.5,3,2.5,ERP,ERP,3.5,0,2.5,STUDENT,OUT,TIDAK TEPAT WAKTU
119,1202150248,3.5,2,4,3.5,3.5,3.5,4,4,2.5,3.5,4,4,4,3.5,3.5,3.5,3.5,3,3.5,3.5,EIM,EIM,3.5,4,3.5,GRADUATED,30/08/19,TEPAT WAKTU
120,1202150249,3.5,3.5,4,4,3.5,3.5,4,4,4,3,4,3.5,3.5,3.5,4,3.5,3.5,3.5,4,4,EDM,EDM,3,4,3.5,GRADUATED,05/07/19,TEPAT WAKTU
121,1202150250,3,3.5,4,4,3,2,2.5,2.5,3,3.5,3,4,3.5,3.5,3.5,2,3,3.5,2.5,2,EA,EA,4,3.5,3.5,GRADUATED,05/07/19,TEPAT WAKTU
122,1202150251,2,3,4,3.5,4,2.5,2,1,3.5,3,3.5,4,3,3,3,2,3,3.5,3,3,ERP,ERP,3.5,2,3.5,GRADUATED,10/07/19,TEPAT WAKTU
123,1202150252,2.5,3.5,3.5,3,3.5,2,3,2,3,2.5,2.5,4,4,3,2.5,2,2,3,3.5,3,EDM,EDM,3.5,3.5,3,GRADUATED,30/08/19,TEPAT WAKTU
124,1202150253,3,2.5,4,2.5,4,2,3.5,2,2,3.5,2.5,4,3.5,2.5,2,2,3,2.5,3.5,3,EDM,EDM,3,3.5,3,GRADUATED,30/08/19,TEPAT WAKTU
125,1202150254,3.5,3.5,3,4,4,3.5,4,4,3.5,3.5,3.5,4,4,3.5,3.5,3,3.5,3.5,4,4,ERP,ERP,3.5,3.5,3.5,GRADUATED,10/07/19,TEPAT WAKTU
126,1202150255,3.5,2.5,3,2.5,3,2.5,4,3.5,2.5,4,3.5,4,3,3.5,3,2.5,2,2.5,3.5,3.5,ISM,ISM,4,4,3.5,GRADUATED,05/07/19,TEPAT WAKTU
127,1202150256,3.5,2.5,3.5,3.5,3.5,3.5,3.5,3,2.5,3.5,4,4,4,3.5,3.5,2,3,3.5,2.5,3.5,ERP,ERP,4,4,4,GRADUATED,05/07/19,TEPAT WAKTU
128,1202150257,3.5,3,0,3,3,4,2.5,1,3.5,3,0,3,0,3.5,3.5,2.5,3.5,3.5,4,0,OUT,OUT,0,0,0,STUDENT,OUT,TIDAK TEPAT WAKTU
129,1202150258,2.5,2.5,3.5,4,3,2.5,2,1,3.5,3.5,3.5,4,3.5,3.5,3,2,3,3.5,2.5,3.5,ISM,ISM,4,4,3,GRADUATED,16/08/19,TEPAT WAKTU
130,1202150259,3.5,4,4,4,4,4,4,4,4,3.5,4,4,4,3.5,3.5,4,4,4,4,4,EIM,EIM,3.5,4,4,GRADUATED,10/07/19,TEPAT WAKTU
131,1202150260,2,2.5,3.5,3,3.5,2.5,2,3,3,4,2.5,4,3.5,3.5,3.5,3,2,3.5,3.5,3.5,ERP,ERP,3.5,2,3.5,GRADUATED,30/08/19,TEPAT WAKTU
132,1202150261,3.5,3.5,3.5,3.5,4,2.5,4,4,3.5,3.5,4,4,4,3.5,3,3.5,3.5,3.5,3.5,3.5,EA,EA,4,3.5,4,GRADUATED,05/07/19,TEPAT WAKTU
133,1202150262,0,0,0,0,0,0,0,3.5,3,0,3.5,4,0,0,0,0,0,0,0,0,OUT,OUT,0,0,0,RESIGN,OUT,TIDAK TEPAT WAKTU
134,1202150263,3,2,3.5,2.5,3,2,3.5,2.5,2.5,3.5,2,4,2.5,3,3,2,2,2,2.5,3,EA,EA,3.5,3,3.5,GRADUATED,30/08/19,TEPAT WAKTU
135,1202150264,3.5,2.5,4,3.5,3.5,4,4,4,2.5,3.5,4,4,4,3.5,4,3.5,3.5,3.5,3.5,3,ERP,ERP,4,4,3.5,GRADUATED,05/07/19,TEPAT WAKTU
136,1202150265,2.5,3,3.5,2.5,3.5,3.5,2.5,2,3.5,2.5,3.5,4,3,3.5,3,2.5,3,3,3,3.5,EA,EA,4,3,3,GRADUATED,05/07/19,TEPAT WAKTU
137,1202150266,2,2.5,3,2,2.5,3,2,2,3.5,2.5,3.5,4,3,3,2.5,2.5,2,2.5,2,1,EA,EA,4,3,0,STUDENT,OUT,TIDAK TEPAT WAKTU
138,1202150267,2.5,3,3.5,3.5,4,2,2,1,3.5,3.5,4,4,3.5,4,3,2.5,3,3.5,4,4,ERP,ERP,3.5,2,4,GRADUATED,05/07/19,TEPAT WAKTU
139,1202150268,2.5,3.5,3.5,3.5,4,2,3,3.5,2.5,3.5,3,4,4,3,3,2.5,2.5,3.5,3.5,3.5,EA,EA,3,2,3.5,GRADUATED,16/08/19,TEPAT WAKTU
140,1202150269,0,0,0,0,0,0,0,0,0,0,0,0,0,0,0,0,0,0,0,0,OUT,OUT,0,0,0,RESIGN,OUT,TIDAK TEPAT WAKTU
141,1202150270,3.5,3,3,4,3.5,3,3.5,4,3.5,3,3.5,4,3.5,3.5,3.5,2.5,2.5,3.5,3.5,3.5,ERP,ERP,3.5,3,3.5,GRADUATED,16/08/19,TEPAT WAKTU
142,1202150271,3.5,3,3.5,4,3.5,3,4,4,3,4,3.5,4,4,3.5,3.5,3.5,3.5,3.5,3.5,4,EA,EA,4,2.5,4,GRADUATED,05/07/19,TEPAT WAKTU
143,1202150272,3.5,2.5,4,3.5,3.5,3.5,3.5,2.5,2.5,3.5,4,4,4,4,3,2,2.5,3,2.5,2.5,EA,EA,4,3.5,3,GRADUATED,05/07/19,TEPAT WAKTU
144,1202150273,2,3.5,3,3.5,3.5,3.5,2.5,2,3.5,2.5,4,3.5,3.5,3.5,3,3.5,3.5,3.5,3.5,4,EA,EA,4,3.5,4,GRADUATED,28/06/19,TEPAT WAKTU
145,1202150274,2,3.5,3.5,3.5,3.5,3.5,3,3,3.5,3.5,3,4,4,3.5,3.5,2.5,3,3.5,3,3.5,ISM,ISM,4,4,3,GRADUATED,16/08/19,TEPAT WAKTU
146,1202150275,2,3.5,3.5,3.5,4,2,2,2.5,3.5,3,3.5,4,3.5,3.5,3.5,3.5,3.5,3,3.5,3.5,ERP,ERP,3.5,3.5,3.5,GRADUATED,05/07/19,TEPAT WAKTU
147,1202150276,2,3,3,3,4,3,3.5,4,3.5,4,3.5,4,4,3.5,3.5,3.5,2,3.5,3.5,3.5,ERP,ERP,3.5,3.5,3.5,GRADUATED,05/07/19,TEPAT WAKTU
148,1202150277,3.5,3,3.5,3,4,2.5,4,1,2.5,3.5,4,4,4,3.5,3.5,2,3.5,3.5,3.5,3.5,ERP,ERP,4,4,3.5,GRADUATED,10/07/19,TEPAT WAKTU
149,1202150278,3.5,3.5,3,4,3.5,3.5,4,4,4,4,4,4,4,4,3.5,4,3.5,3.5,4,4,OUT,OUT,0,0,0,GRADUATED,25/01/19,TEPAT WAKTU
150,1202150279,3.5,3.5,3,3,3.5,2.5,4,4,2.5,4,2.5,4,3.5,3.5,3,3,2.5,3.5,3.5,3.5,ERP,ERP,3.5,2.5,3.5,GRADUATED,16/08/19,TEPAT WAKTU
151,1202150280,3.5,3.5,3.5,3.5,3.5,4,4,4,3,3.5,4,4,4,4,3.5,3,3.5,3.5,3.5,4,EA,EA,4,3.5,3.5,GRADUATED,05/07/19,TEPAT WAKTU
152,1202150282,3,3.5,4,4,3.5,3.5,3.5,4,3,3.5,3,4,3.5,3.5,3.5,3,3.5,3.5,2.5,3,EAD,EAD,4,3.5,4,GRADUATED,16/08/19,TEPAT WAKTU
153,1202150283,2,3,4,3.5,3.5,3,2.5,1,2.5,3,3.5,4,3,3.5,3.5,2,3.5,3.5,3,3.5,ERP,ERP,3.5,2,3.5,GRADUATED,05/07/19,TEPAT WAKTU
154,1202150284,2,2.5,3.5,3.5,4,2.5,2,3,4,3.5,3,4,4,3,2.5,2.5,3,3.5,3.5,3.5,ERP,ERP,3.5,4,3.5,GRADUATED,10/07/19,TEPAT WAKTU
155,1202150285,3.5,2.5,3.5,3,4,2,4,4,3,3.5,3.5,4,4,3.5,3.5,2.5,2.5,3.5,3.5,3.5,ERP,ERP,4,4,3.5,GRADUATED,05/07/19,TEPAT WAKTU
156,1202150286,2,2,2,2,3.5,2,2,3.5,2.5,3,2,4,2,3.5,2.5,0,2,2,3.5,2.5,EA,EA,2,2.5,3,STUDENT,OUT,TIDAK TEPAT WAKTU
157,1202150287,2.5,2,3,3,2.5,2,2.5,3,2.5,2.5,3,4,2.5,3,2.5,2,2.5,2,2,2.5,ERP,ERP,3.5,2.5,3.5,GRADUATED,30/08/19,TEPAT WAKTU
158,1202150288,4,2.5,4,3.5,3.5,3.5,4,4,3,3.5,4,4,4,4,3.5,3.5,3.5,4,3.5,4,EIM,EIM,3.5,4,3.5,GRADUATED,28/06/19,TEPAT WAKTU
159,1202150289,2.5,3.5,3.5,2.5,2.5,3.5,3,1,3.5,2.5,3.5,3.5,3.5,3.5,3.5,3,3.5,3.5,3,3.5,EA,EA,4,3.5,3.5,GRADUATED,05/07/19,TEPAT WAKTU
160,1202150366,3.5,3,3.5,4,3.5,4,4,4,4,4,3.5,4,3.5,4,3.5,3.5,4,4,4,4,EA,EA,4,4,3.5,GRADUATED,28/06/19,TEPAT WAKTU
161,1202150372,2.5,2,3.5,2,2.5,1,3.5,1,2,2,3,2.5,1,2,2,2,2,2,2.5,2,ISM,ISM,3.5,3.5,0,STUDENT,OUT,TIDAK TEPAT WAKTU
162,1202150373,3.5,2.5,4,3.5,3.5,3.5,3.5,4,3,3.5,4,4,3.5,3.5,3.5,2,2.5,3,3.5,3.5,ERP,ERP,4,3.5,4,GRADUATED,05/07/19,TEPAT WAKTU
163,1202150375,3,3.5,0,3.5,3.5,0,2,1,3,4,3.5,4,3,0,3.5,3.5,0,0,4,0,OUT,OUT,0,0,0,NON-ACTIVE,OUT,TIDAK TEPAT WAKTU
164,1202150379,3,2.5,4,2.5,3.5,2,3.5,2,2,3.5,3,4,3.5,3,3,2.5,3,2.5,3.5,3.5,EA,EA,3.5,3,3,GRADUATED,28/06/19,TEPAT WAKTU
165,1202151228,2.5,3.5,3.5,3,3.5,2.5,2,0,3,3.5,3,4,3.5,2.5,3.5,3.5,3,3.5,3,3,EIM,EIM,3.5,4,3.5,GRADUATED,30/08/19,TEPAT WAKTU
166,1202151229,0,0,0,0,0,0,0,0,2.5,0,2.5,4,0,0,0,0,0,0,0,0,OUT,OUT,0,0,0,RESIGN,OUT,TIDAK TEPAT WAKTU
167,1202151230,3.5,2.5,3.5,0,3.5,2,2,0,2.5,3,3,4,2,3,3,2,3.5,3,3.5,3.5,EAD,EAD,4,3.5,4,GRADUATED,30/08/19,TEPAT WAKTU
168,1202151231,2,2,3.5,2,2,1,2,0,2,0,3,3.5,1,2,3,2,2,0,2.5,2.5,TECHNO,TECHNO,3,3,0,STUDENT,OUT,TIDAK TEPAT WAKTU
169,1202151232,3.5,2,3.5,3,3.5,3.5,3,2,2.5,4,4,4,3.5,2.5,3,3,2,3.5,3,3.5,EAD,EAD,3,3.5,3,GRADUATED,16/08/19,TEPAT WAKTU
170,1202151233,3,3.5,0,4,2.5,3,1,1,4,2.5,3.5,3,2,2,3.5,3.5,3.5,3,4,3.5,TECHNO,TECHNO,3.5,4,3.5,GRADUATED,16/08/19,TEPAT WAKTU
171,1202151234,2.5,3,3.5,3,2,1,1,1,3,1,3,4,3,2.5,2.5,2.5,2.5,2.5,2.5,1,EIM,EIM,3.5,4,3,GRADUATED,30/08/19,TEPAT WAKTU
172,1202151235,0,0,0,0,0,0,0,0,3.5,0,3,4,0,0,0,0,0,0,0,0,OUT,OUT,0,0,0,RESIGN,OUT,TIDAK TEPAT WAKTU
173,1202151364,3,3,4,3.5,4,3.5,2.5,3,4,4,3.5,4,4,3,4,3.5,3.5,3.5,4,4,EDM,EDM,3.5,4,4,GRADUATED,10/07/19,TEPAT WAKTU
174,1202151365,3.5,3,3.5,3.5,4,3.5,3.5,2.5,4,3.5,3.5,4,4,3.5,3.5,2.5,3.5,2,3.5,3.5,TECHNO,TECHNO,4,4,3.5,GRADUATED,30/08/19,TEPAT WAKTU
175,1202152157,3.5,2.5,0,0,3,3.5,4,4,3.5,0,4,4,2.5,2,2,2,0,0,3.5,0,OUT,OUT,0,0,0,STUDENT,OUT,TIDAK TEPAT WAKTU
176,1202152158,2.5,3,3.5,0,3.5,3,2,2.5,3.5,3.5,3,4,3.5,3.5,3,3.5,4,3.5,4,3.5,EIM,EIM,3.5,4,3.5,GRADUATED,05/07/19,TEPAT WAKTU
177,1202152159,2.5,2,3.5,2.5,3,2,3.5,1,2,3.5,2,4,2.5,3,3,2,2.5,3,2.5,3,EA,EA,4,2.5,0,STUDENT,OUT,TIDAK TEPAT WAKTU
178,1202152160,3.5,2,4,0,3.5,3.5,3.5,3,2.5,3.5,4,4,3.5,3.5,3,2,2.5,3.5,2,3,ERP,ERP,4,3.5,3.5,GRADUATED,30/08/19,TEPAT WAKTU
179,1202152161,2,0,2,3.5,1,3,1,1,3.5,1,3.5,3.5,3,2.5,2,2,2,3,2,2,ISM,ISM,3.5,4,2.5,STUDENT,OUT,TIDAK TEPAT WAKTU
180,1202152162,3,2.5,3.5,4,3,2,2,1,4,3.5,3.5,4,2.5,3,3,2,3,3.5,2,3.5,EIM,EIM,3,4,3.5,GRADUATED,30/08/19,TEPAT WAKTU
181,1202152163,2,2.5,3.5,3.5,3.5,2,2.5,0,3.5,2.5,4,4,2,4,2,2.5,3.5,3,3,4,TECHNO,TECHNO,4,4,2.5,GRADUATED,30/08/19,TEPAT WAKTU
182,1202152164,2,4,3.5,3.5,4,3,3,2,3.5,3,3,4,4,3,3.5,2.5,3.5,3.5,3.5,3.5,EA,EA,4,3.5,3.5,GRADUATED,28/06/19,TEPAT WAKTU
183,1202152165,3.5,2.5,3.5,2.5,3,2.5,4,3.5,3.5,3,3.5,4,3.5,2,2,2,2,3,3.5,2,TECHNO,TECHNO,3,3.5,2.5,GRADUATED,30/08/19,TEPAT WAKTU
184,1202152166,3.5,3.5,3.5,4,4,4,4,3.5,4,4,4,4,4,4,3.5,3.5,4,3.5,4,4,EA,EA,4,4,3,GRADUATED,28/06/19,TEPAT WAKTU
185,1202152167,2.5,2,3,3,2.5,0,2.5,1,2,1,2,3,2.5,0,2,2,0,0,2,1,OUT,OUT,0,0,0,STUDENT,OUT,TIDAK TEPAT WAKTU
186,1202152168,3.5,2,4,3,3,3,3,1,2,3.5,4,4,3.5,3,3,3.5,3,3,3,3,EIM,EIM,3.5,4,3.5,GRADUATED,30/08/19,TEPAT WAKTU
187,1202152169,2,2.5,0,4,2.5,2,2,1,3,2.5,3.5,2,2.5,3,3,2,2.5,3.5,3.5,2.5,EA,EA,3.5,3,3.5,STUDENT,OUT,TIDAK TEPAT WAKTU
188,1202152170,0,0,0,0,0,0,0,0,1,2,2,4,0,0,0,0,0,0,1,0,OUT,OUT,0,0,0,RESIGN,OUT,TIDAK TEPAT WAKTU
189,1202152171,2,2,4,3.5,3.5,3,3.5,0,3,3.5,3.5,4,3.5,3.5,2.5,2,3.5,2.5,3.5,3.5,ERP,ERP,3.5,3.5,0,STUDENT,OUT,TIDAK TEPAT WAKTU
190,1202152172,2,3,3,2.5,3.5,1,1,1,2,2,2,4,3.5,2.5,2,2,2,2.5,2.5,3,ISM,ISM,3.5,3.5,2.5,STUDENT,OUT,TIDAK TEPAT WAKTU
191,1202152173,3.5,3,2.5,3.5,3.5,3,4,4,3.5,3.5,4,4,4,3,2,2.5,3.5,4,3.5,3.5,EA,EA,3,3.5,4,GRADUATED,28/06/19,TEPAT WAKTU
192,1202152174,3.5,3.5,3,4,3.5,3,3.5,4,3.5,3,3,4,3.5,3.5,3,2,3,4,4,3.5,ERP,ERP,3.5,4,3.5,GRADUATED,10/07/19,TEPAT WAKTU
193,1202152175,2.5,2.5,3.5,3,2.5,2,3,2,2.5,3,2,3.5,3.5,2.5,2.5,2,2,2.5,2.5,3,EA,EA,4,3,3.5,GRADUATED,30/08/19,TEPAT WAKTU
194,1202152176,4,3,4,3.5,4,4,4,4,3,3.5,4,4,3.5,3.5,4,3.5,3.5,3.5,3.5,3.5,EAD,EAD,4,3.5,2.5,STUDENT,OUT,TIDAK TEPAT WAKTU
195,1202152177,0,0,0,0,0,0,0,1,0,0,3,2,0,0,0,0,0,0,0,0,OUT,OUT,0,0,0,RESIGN,OUT,TIDAK TEPAT WAKTU
196,1202152178,3.5,3.5,4,4,3.5,2.5,3.5,2.5,4,4,3,4,3.5,3.5,3.5,4,3.5,4,3,4,TECHNO,TECHNO,3.5,4,4,GRADUATED,30/08/19,TEPAT WAKTU
197,1202152179,2,2,3.5,3,3,2,2,0,2,2.5,3,4,2.5,3,2.5,1,2.5,3,3,2.5,ISM,ISM,4,4,3,GRADUATED,30/08/19,TEPAT WAKTU
198,1202152180,3.5,3,3,4,3.5,2,2.5,2,3,3.5,3,4,2,3,2.5,2,2,3.5,2,3.5,EA,EA,4,3.5,4,GRADUATED,30/08/19,TEPAT WAKTU
199,1202152181,3,2.5,3,2,3.5,2.5,2.5,2,2.5,3.5,3,4,3,3,2.5,2.5,3,3,3,3.5,EIM,EIM,3,4,3.5,GRADUATED,05/07/19,TEPAT WAKTU
200,1202152322,3,3.5,3.5,3,3,3,2.5,2,3.5,3.5,3.5,4,4,3.5,3,3,3.5,3.5,2.5,2.5,EA,EA,4,3.5,3.5,GRADUATED,05/07/19,TEPAT WAKTU
201,1202152323,3,3.5,4,3.5,4,3.5,3,3.5,3,3.5,3.5,4,4,3.5,3.5,4,3.5,4,4,4,ERP,ERP,4,4,4,GRADUATED,10/07/19,TEPAT WAKTU
202,1202152324,2.5,3.5,3,3.5,4,3,3.5,4,3.5,4,3.5,4,4,3.5,3,3.5,3,4,4,3.5,ERP,ERP,3.5,3.5,3.5,GRADUATED,05/07/19,TEPAT WAKTU
203,1202152325,2.5,2,4,2,3.5,3.5,2,1,3,3,3.5,4,2,2.5,2,2,2,2,2,2.5,EA,EA,4,2.5,0,GRADUATED,30/08/19,TEPAT WAKTU
204,1202152326,3,2,3,0,3.5,2.5,2,0,2,3.5,2.5,4,3,3,2.5,2,2,3,3.5,3,EAD,EAD,0,3.5,2,STUDENT,OUT,TIDAK TEPAT WAKTU
205,1202152327,3.5,2,4,3,3,3,3.5,4,3,3.5,2.5,4,3,3.5,3.5,2.5,3.5,3.5,4,4,ERP,ERP,3.5,3.5,3.5,GRADUATED,30/08/19,TEPAT WAKTU
206,1202152328,3.5,2.5,3.5,3.5,3.5,3.5,4,4,3,3.5,4,4,4,4,3.5,3,3.5,3.5,3.5,4,ERP,ERP,4,4,4,GRADUATED,10/07/19,TEPAT WAKTU
207,1202152329,3,4,3,4,3.5,3,3.5,4,4,3.5,4,3.5,4,4,3.5,2.5,3.5,3.5,3.5,4,EA,EA,4,3.5,4,GRADUATED,05/07/19,TEPAT WAKTU
208,1202152330,3.5,4,4,4,3.5,3.5,3.5,2,4,3.5,3.5,4,4,3.5,3.5,2,4,4,3,4,ERP,ERP,4,4,4,GRADUATED,05/07/19,TEPAT WAKTU
209,1202152331,2.5,0,0,0,0,1,0,2,3,3,3.5,4,0,0,0,0,0,0,3,0,OUT,OUT,0,0,0,STUDENT,OUT,TIDAK TEPAT WAKTU
210,1202152332,2,2.5,3.5,3,3.5,1,2,1,2,3.5,3,4,3.5,2.5,2,2,2,3.5,2.5,2.5,ERP,ERP,4,2,3.5,STUDENT,OUT,TIDAK TEPAT WAKTU
211,1202152333,3.5,3,3.5,4,4,2,4,4,3,4,4,4,4,3.5,3.5,3,3,3.5,3.5,3.5,ISM,ISM,4,4,4,GRADUATED,30/08/19,TEPAT WAKTU
212,1202152334,3,2.5,2,2,3,2.5,2,1,2,3.5,3,4,4,3,2.5,1,2,2.5,3.5,2.5,EDM,EDM,4,0,0,GRADUATED,30/08/19,TEPAT WAKTU
213,1202152335,3,2.5,3,3,3,2.5,3.5,3,3,3,2,4,2.5,3.5,2.5,2.5,2.5,3.5,3,3.5,ISM,ISM,3.5,3.5,3.5,GRADUATED,16/08/19,TEPAT WAKTU
214,1202152336,0,0,0,0,0,0,0,4,3.5,0,4,4,0,0,0,0,0,0,0,0,OUT,OUT,0,0,0,RESIGN,OUT,TIDAK TEPAT WAKTU
215,1202153367,3.5,0,2,3.5,3.5,3.5,2.5,2.5,4,2.5,3.5,2.5,3.5,2,2,3,3.5,2.5,3.5,3,EIM,EIM,3.5,4,3.5,GRADUATED,30/08/19,TEPAT WAKTU
216,1202153368,3.5,2.5,3,3.5,3.5,2.5,2.5,1,3,4,3,3,3.5,3.5,3,2.5,2.5,2.5,3,3.5,ERP,ERP,3.5,4,3.5,GRADUATED,05/07/19,TEPAT WAKTU
217,1202153369,3.5,0,3.5,1,3.5,2.5,1,2,3.5,1,2,2,3,2,2.5,2.5,2.5,3.5,2,2.5,OUT,OUT,0,0,0,STUDENT,OUT,TIDAK TEPAT WAKTU
218,1202153370,0,0,0,0,0,0,0,0,3,0,2.5,2.5,0,0,0,0,0,0,0,0,OUT,OUT,0,0,0,RESIGN,OUT,TIDAK TEPAT WAKTU
219,1202153371,4,2.5,3.5,3.5,3.5,3.5,4,3.5,4,3,4,4,4,3.5,3.5,3.5,3.5,4,3.5,4,EIM,EIM,3.5,4,4,GRADUATED,05/07/19,TEPAT WAKTU
220,1202153376,3.5,3,3.5,3,3.5,3.5,2,3,3.5,2.5,2.5,3.5,3.5,3.5,3,3,3,3.5,3,3,OUT,OUT,0,0,0,STUDENT,OUT,TIDAK TEPAT WAKTU
221,1202153381,3.5,3,3.5,3.5,3.5,4,4,3,4,2.5,3.5,4,4,3.5,3.5,3.5,3.5,4,2.5,3.5,EA,EA,4,3,3.5,GRADUATED,28/06/19,TEPAT WAKTU
222,1202153382,0,0,0,0,0,0,0,0,2,0,3,2.5,0,0,0,0,0,0,0,0,OUT,OUT,0,0,0,RESIGN,OUT,TIDAK TEPAT WAKTU
223,1202154116,3,3,3,3,3.5,3,2,1,3.5,3.5,3,4,3.5,3,2.5,3,3.5,3.5,3.5,3.5,EIM,EIM,2.5,4,3.5,GRADUATED,05/07/19,TEPAT WAKTU
224,1202154117,3.5,2.5,3.5,2,4,3.5,3.5,2.5,3,3.5,3.5,4,4,3.5,2.5,4,3.5,3.5,4,3.5,EIM,EIM,3.5,4,3.5,GRADUATED,05/07/19,TEPAT WAKTU
225,1202154118,3.5,2.5,3.5,0,3.5,3,2,0,3.5,3.5,2,4,3.5,3.5,3,2,3.5,3,4,3.5,EIM,EIM,3.5,4,3.5,GRADUATED,05/07/19,TEPAT WAKTU
226,1202154119,3.5,2.5,4,3.5,3.5,3.5,3.5,2,3.5,4,3,4,3.5,3.5,3.5,3.5,3.5,3.5,3.5,3.5,EIM,EIM,3.5,4,3.5,GRADUATED,10/07/19,TEPAT WAKTU
227,1202154120,3.5,2.5,4,3.5,3.5,3.5,3.5,4,3,4,4,4,4,3.5,3.5,3.5,4,3.5,3.5,4,EIM,EIM,3.5,4,3.5,GRADUATED,28/06/19,TEPAT WAKTU
228,1202154121,3,3.5,2,3.5,3,3.5,3,2,4,3,3.5,2.5,3.5,3,3.5,3.5,3,3.5,3.5,3.5,ERP,ERP,4,4,3.5,GRADUATED,16/08/19,TEPAT WAKTU
229,1202154122,2.5,3,3.5,3.5,2.5,2,2,2,3.5,2.5,2.5,4,3.5,2.5,2,2.5,3,3,3,3.5,EIM,EIM,3.5,4,3.5,GRADUATED,30/08/19,TEPAT WAKTU
230,1202154123,3,3.5,4,3.5,3.5,3.5,3.5,4,3.5,3.5,4,4,3.5,3.5,3.5,3,3,3.5,3.5,4,EAD,EAD,4,3.5,3,GRADUATED,16/08/19,TEPAT WAKTU
231,1202154124,2,2.5,3.5,2.5,3.5,1,0,2,2.5,3.5,3.5,4,3.5,2,2,2,1,3,3,2.5,ISM,ISM,0,3.5,0,STUDENT,OUT,TIDAK TEPAT WAKTU
232,1202154125,3,2.5,3,1,3.5,2.5,3.5,0,3,3,2,4,4,2.5,2,2,3.5,2.5,3,3.5,EA,EA,4,0,3.5,STUDENT,OUT,TIDAK TEPAT WAKTU
233,1202154126,3.5,2.5,3.5,2,3.5,2,3.5,1,2.5,3,2.5,3.5,2,2.5,2,2,2,2.5,3.5,3,EDM,EDM,3.5,3.5,3,STUDENT,OUT,TIDAK TEPAT WAKTU
234,1202154127,3.5,3,3.5,1,3.5,3.5,3,3,3,3.5,3,4,3.5,2,3,3.5,3.5,3.5,3.5,3.5,EDM,EDM,3.5,3.5,3.5,GRADUATED,30/08/19,TEPAT WAKTU
235,1202154128,3,0,0,0,0,0,3.5,1,2,2.5,4,3.5,0,1,0,0,0,0,2.5,0,OUT,OUT,0,0,0,RESIGN,OUT,TIDAK TEPAT WAKTU
236,1202154129,3.5,3.5,4,4,3.5,4,3,2,4,3.5,3.5,4,3.5,3,4,2.5,3.5,3.5,3.5,3.5,EDM,EDM,4,4,3.5,GRADUATED,28/06/19,TEPAT WAKTU
237,1202154130,2,2.5,3.5,2.5,2.5,2.5,1,2,3.5,3.5,3.5,4,3.5,3.5,3.5,3,3,3.5,2.5,3.5,ERP,ERP,3.5,3.5,3.5,GRADUATED,05/07/19,TEPAT WAKTU
238,1202154131,2,1,3.5,3,3,3.5,1,0,3.5,2,3,4,0,2,1,0,0,0,3.5,3.5,OUT,OUT,0,0,0,STUDENT,OUT,TIDAK TEPAT WAKTU
239,1202154132,2,3,3.5,3,3.5,2.5,2,1,2,3.5,2.5,4,4,2.5,3,2,2,3,3.5,3.5,ISM,ISM,4,4,3.5,GRADUATED,16/08/19,TEPAT WAKTU
240,1202154133,3,3,3.5,3,4,2.5,3,3,3,3.5,4,4,4,3.5,2.5,2.5,3.5,3,3.5,3.5,TECHNO,TECHNO,3,4,3.5,GRADUATED,30/08/19,TEPAT WAKTU
241,1202154134,3.5,2.5,3.5,2,3.5,3,3.5,3.5,3.5,3.5,3,4,3,3.5,2.5,2,3.5,2.5,3.5,3.5,EAD,EAD,3.5,3.5,3.5,GRADUATED,30/08/19,TEPAT WAKTU
242,1202154135,3.5,2.5,3.5,3,2,2,2,0,2.5,3.5,3,3.5,2.5,2,3,2,2,2.5,2,3,EDM,EDM,3.5,3.5,3.5,GRADUATED,30/08/19,TEPAT WAKTU
243,1202154136,4,3,4,4,4,4,3.5,4,4,4,4,4,4,3.5,3.5,4,4,3.5,3,4,EDM,EDM,3.5,4,3.5,GRADUATED,05/07/19,TEPAT WAKTU
244,1202154137,0,0,0,0,0,0,0,0,0,0,0,0,0,0,0,0,0,0,0,0,OUT,OUT,0,0,0,RESIGN,OUT,TIDAK TEPAT WAKTU
245,1202154138,3,2,3.5,3,2.5,2,2.5,0,4,3,3.5,4,2.5,3,3.5,2,3.5,3.5,2.5,3,EDM,EDM,3.5,3.5,3,GRADUATED,30/08/19,TEPAT WAKTU
246,1202154139,2,2.5,4,3.5,3.5,2,2,1,3.5,3,3,4,3,3,3,3.5,3.5,3,4,3.5,EIM,EIM,3,4,3.5,GRADUATED,30/08/19,TEPAT WAKTU
247,1202154140,2,0,3,2.5,3,0,0,0,2,1,2,4,2.5,2,0,2,1,1,1,0,OUT,OUT,0,0,0,STUDENT,OUT,TIDAK TEPAT WAKTU
248,1202154141,2.5,1,3,1,2.5,2,0,1,3,2,3.5,4,1,2,1,0,2,1,2,2.5,EA,EA,0,3,2.5,STUDENT,OUT,TIDAK TEPAT WAKTU
249,1202154142,3,2.5,3.5,0,3.5,2,1,0,3,3,2.5,4,3,3,2,2,2.5,2.5,2.5,3.5,EA,EA,4,3,0,STUDENT,OUT,TIDAK TEPAT WAKTU
250,1202154143,3.5,3,3.5,3.5,3,3,3.5,1,3.5,4,3.5,3.5,3,3.5,3,2.5,3.5,2.5,3,3,ERP,ERP,3.5,3.5,3.5,GRADUATED,05/07/19,TEPAT WAKTU
251,1202154144,3.5,2.5,3.5,3,3,3.5,3.5,3.5,2.5,3,4,4,3.5,3.5,3.5,2.5,3,3,3,3.5,EIM,EIM,3.5,4,2.5,GRADUATED,30/08/19,TEPAT WAKTU
252,1202154145,3.5,3.5,2.5,4,4,3.5,2.5,2,3.5,3.5,4,3.5,4,3.5,3.5,3,3.5,3.5,4,4,ERP,ERP,4,4,4,GRADUATED,05/07/19,TEPAT WAKTU
253,1202154146,2.5,2.5,3.5,3,2.5,2,1,2,3.5,3.5,3,4,3.5,2.5,2.5,2,3.5,3.5,3.5,3,ISM,ISM,3.5,4,3.5,GRADUATED,16/08/19,TEPAT WAKTU
254,1202154147,3,2.5,4,3,3.5,2,2,1,2,2,3,4,2.5,3.5,3,2,2.5,3,2,3,EA,EA,3.5,3,3,STUDENT,OUT,TIDAK TEPAT WAKTU
255,1202154148,3,4,3.5,3.5,4,3.5,3.5,4,3.5,4,3.5,4,4,3.5,3.5,2.5,2.5,4,4,4,EAD,EAD,3.5,3.5,3.5,GRADUATED,05/07/19,TEPAT WAKTU
256,1202154149,3.5,2,4,1,3.5,2,1,2.5,3.5,2,2,4,2,2.5,2,2,2.5,2.5,2.5,2.5,EA,EA,4,0,3.5,STUDENT,OUT,TIDAK TEPAT WAKTU
257,1202154150,3.5,3,4,3.5,3.5,4,3.5,3.5,3,3.5,3,4,3,3.5,3,3,3.5,3.5,4,3.5,EDM,EDM,4,3.5,3.5,GRADUATED,05/07/19,TEPAT WAKTU
258,1202154151,3.5,2.5,3,3,3,2.5,3,1,3.5,3.5,3.5,4,3,3.5,3,3,3,3.5,3,3.5,ISM,ISM,4,4,3.5,GRADUATED,05/07/19,TEPAT WAKTU
259,1202154152,4,3.5,4,3.5,4,4,3.5,4,4,3.5,4,4,4,3.5,4,3.5,4,3.5,3.5,4,ERP,ERP,3.5,4,3.5,GRADUATED,30/08/19,TEPAT WAKTU
260,1202154153,2,3,3,3.5,3,3,3.5,2.5,4,3,3.5,3.5,2.5,3,3.5,2,2,2,3.5,3,TECHNO,TECHNO,3.5,4,3.5,GRADUATED,16/08/19,TEPAT WAKTU
261,1202154154,3,3,3.5,3.5,3,2.5,1,0,2.5,3.5,3,4,2.5,3,3,2,3,2.5,3,2,EA,EA,3,3,3.5,STUDENT,OUT,TIDAK TEPAT WAKTU
262,1202154155,2.5,3.5,4,3.5,3.5,3,2,1,2.5,3.5,3,4,3,3.5,3.5,2.5,3.5,3.5,3,3,EAD,EAD,4,3.5,2.5,GRADUATED,16/08/19,TEPAT WAKTU
263,1202154156,3.5,3.5,4,4,4,3,3.5,2.5,3.5,4,3.5,4,4,3.5,3.5,3.5,3,3.5,4,4,EAD,EAD,3.5,3.5,2,GRADUATED,05/07/19,TEPAT WAKTU
264,1202154182,3,2.5,3.5,0,3.5,2.5,2.5,2.5,3.5,3.5,3.5,4,3.5,3.5,3.5,3.5,3.5,3.5,4,3.5,EIM,EIM,3.5,4,4,GRADUATED,05/07/19,TEPAT WAKTU
265,1202154183,2.5,2,3.5,2,3,2,3.5,3,2,2,3,3,3.5,3,2.5,2,2.5,2.5,2.5,3,EA,EA,4,3,0,STUDENT,OUT,TIDAK TEPAT WAKTU
266,1202154184,3.5,3,4,3,3.5,3.5,3.5,1,3,3.5,4,4,4,3.5,3,2.5,3.5,3.5,3.5,3.5,EAD,EAD,4,3,2.5,STUDENT,OUT,TIDAK TEPAT WAKTU
267,1202154185,3,3.5,4,4,2.5,3.5,2,1,3.5,3,3.5,2.5,3.5,3.5,3.5,2.5,3.5,3.5,3.5,3.5,EA,EA,4,3,3.5,GRADUATED,05/07/19,TEPAT WAKTU
268,1202154186,3,4,3.5,4,4,3,3.5,3.5,4,4,3.5,4,3.5,2,4,4,3.5,3.5,3.5,4,EAD,EAD,4,3.5,3,GRADUATED,16/08/19,TEPAT WAKTU
269,1202154187,0,0,0,0,0,0,0,3.5,4,0,3.5,4,0,0,0,0,0,0,0,0,OUT,OUT,0,0,0,RESIGN,OUT,TIDAK TEPAT WAKTU
270,1202154188,2,2.5,3.5,3,4,2,2.5,1,3.5,3.5,3.5,4,4,3,2.5,2,3.5,3.5,3,3.5,EA,EA,3.5,2,3.5,GRADUATED,16/08/19,TEPAT WAKTU
271,1202154189,3,2.5,3.5,1,3.5,2,3.5,2.5,2.5,3.5,3.5,4,4,3,2.5,2,3.5,3,3.5,3.5,EA,EA,4,3,3.5,GRADUATED,28/06/19,TEPAT WAKTU
272,1202154191,3,2,3.5,2.5,2,2,2,1,3,3,2.5,3.5,1,3,2,2,2,2.5,3,3,OUT,OUT,0,0,0,STUDENT,OUT,TIDAK TEPAT WAKTU
273,1202154192,3.5,2.5,4,3.5,3,4,3.5,3.5,3,3.5,4,4,4,3.5,4,4,3.5,3.5,3.5,3.5,EIM,EIM,3.5,4,3.5,GRADUATED,28/06/19,TEPAT WAKTU
274,1202154193,3,3.5,4,3,3.5,3.5,2.5,2,4,3.5,3.5,3.5,3.5,3.5,3.5,3,3.5,3.5,3,3.5,EDM,EDM,3.5,4,3.5,GRADUATED,05/07/19,TEPAT WAKTU
275,1202154194,2,0,0,0,0,2.5,1,1,3.5,3,3,4,0,2,0,0,1,3.5,2.5,0,OUT,OUT,0,0,0,STUDENT,OUT,TIDAK TEPAT WAKTU
276,1202154195,2.5,2,4,0,3.5,3,2,1,1,3,2,4,3,3.5,1,1,2,2.5,3,4,EA,EA,2.5,2,3.5,STUDENT,OUT,TIDAK TEPAT WAKTU
277,1202154196,2,3.5,3,3.5,4,2.5,1,2,3,3,2.5,4,4,3.5,3,2.5,2,3.5,3.5,3.5,ISM,ISM,4,4,4,GRADUATED,16/08/19,TEPAT WAKTU
278,1202154197,2.5,2,3,1,3,2,2,0,3.5,3.5,2.5,4,2,2.5,1,2,2.5,2.5,3.5,3.5,EA,EA,3.5,3,3.5,GRADUATED,05/07/19,TEPAT WAKTU
279,1202154198,3,3,3.5,0,3.5,1,2,0,3,3.5,2.5,4,3,3.5,2.5,2,3,3,3.5,3,EA,EA,2.5,3,3.5,STUDENT,OUT,TIDAK TEPAT WAKTU
280,1202154199,3.5,3.5,4,4,3.5,2.5,3.5,3,2,4,3.5,4,3.5,4,3.5,4,4,3.5,4,4,EIM,EIM,4,4,4,GRADUATED,30/08/19,TEPAT WAKTU
281,1202154200,3.5,2.5,3.5,3.5,3.5,4,3.5,4,3.5,3.5,4,4,3,3.5,4,2,2.5,3,3,3,EA,EA,4,3.5,3.5,GRADUATED,30/08/19,TEPAT WAKTU
282,1202154201,2,2,0,3,2,2.5,0,1,3,2,3.5,2,2,2,1,2,1,0,2,0,TECHNO,TECHNO,4,4,4,STUDENT,OUT,TIDAK TEPAT WAKTU
283,1202154202,0,1,0,0,0,0,0,0,0,0,3,4,0,0,0,0,0,0,0,0,OUT,OUT,0,0,0,RESIGN,OUT,TIDAK TEPAT WAKTU
284,1202154203,3.5,3,4,3.5,4,3.5,2.5,2,3.5,3.5,3.5,4,3,4,2,2.5,3.5,4,3.5,3.5,ERP,ERP,3.5,3.5,3.5,GRADUATED,05/07/19,TEPAT WAKTU
285,1202154204,2.5,3.5,4,3.5,4,2.5,2,2,3.5,4,3,4,4,3,3.5,2.5,3,3.5,3.5,3.5,EA,EA,4,2,3.5,GRADUATED,16/08/19,TEPAT WAKTU
286,1202154205,3.5,3,3,2.5,4,3,3.5,3.5,1,3.5,3,4,4,3,3,2,2.5,3,3.5,3,EA,EA,4,3,3.5,GRADUATED,30/08/19,TEPAT WAKTU
287,1202154206,3,2,0,0,2.5,1,2,0,2.5,3,3.5,3.5,1,1,1,0,0,2,2,0,OUT,OUT,0,0,0,PASSED AWAY,OUT,TIDAK TEPAT WAKTU
288,1202154207,0,0,0,0,0,0,0,1,2,0,2.5,3.5,0,0,0,0,0,0,0,0,OUT,OUT,0,0,0,RESIGN,OUT,TIDAK TEPAT WAKTU
289,1202154208,4,3,4,3.5,3.5,4,3.5,2,2,3.5,4,4,4,3.5,3.5,3.5,3.5,3,3,3,EIM,EIM,3.5,4,3.5,GRADUATED,10/07/19,TEPAT WAKTU
290,1202154209,4,3.5,4,3.5,3.5,3.5,3.5,3.5,4,3,4,2.5,4,3.5,3.5,4,3.5,3.5,4,2.5,TECHNO,TECHNO,3.5,4,3.5,GRADUATED,16/08/19,TEPAT WAKTU
291,1202154210,2.5,3,3.5,4,3,2,1,1,3.5,3.5,3.5,4,3,3,2.5,2,3,3.5,2,3,EIM,EIM,3.5,4,3.5,GRADUATED,30/08/19,TEPAT WAKTU
292,1202154211,2.5,2.5,3.5,3.5,4,3,2.5,1,2.5,3.5,4,4,3,3.5,3,2,3,2,4,3,TECHNO,TECHNO,3.5,4,2.5,GRADUATED,30/08/19,TEPAT WAKTU
293,1202154212,2,2.5,3.5,3.5,3.5,2.5,2,0,2,2.5,3,4,3.5,3,3,2,2,3.5,2.5,3.5,EAD,EAD,3.5,3.5,2.5,GRADUATED,16/08/19,TEPAT WAKTU
294,1202154213,3.5,2.5,3.5,2,3.5,2.5,3.5,4,4,3.5,3.5,4,4,3.5,3,4,3.5,3,4,4,EIM,EIM,3.5,4,4,GRADUATED,28/06/19,TEPAT WAKTU
295,1202154214,3.5,0,1,2.5,3.5,2,1,0,2.5,2.5,2.5,3.5,2.5,2.5,2.5,2,3,2.5,3,3.5,EA,EA,2,2.5,2.5,STUDENT,OUT,TIDAK TEPAT WAKTU
296,1202154215,3.5,2.5,3.5,3.5,3,2.5,3.5,3.5,2.5,4,2.5,4,2.5,3,3.5,2.5,2.5,3,3,3.5,EDM,EDM,3,3.5,3,GRADUATED,30/08/19,TEPAT WAKTU
297,1202154216,3,2,4,3,3,3,3.5,2,3,3.5,4,4,3,3,2,2,2.5,3,3,3.5,EDM,EDM,3.5,2.5,3.5,STUDENT,OUT,TIDAK TEPAT WAKTU
298,1202154217,3.5,4,2.5,4,3.5,4,3.5,4,4,4,4,3.5,4,3.5,4,4,3.5,3,4,3.5,ERP,ERP,3.5,4,4,GRADUATED,28/06/19,TEPAT WAKTU
299,1202154218,2.5,3.5,3.5,3.5,3,3,2.5,2,3.5,4,4,4,3,3.5,3.5,2.5,3.5,3.5,2.5,3,ERP,ERP,4,4,3.5,GRADUATED,05/07/19,TEPAT WAKTU
300,1202154219,3.5,3.5,4,3.5,4,4,4,2,3.5,3.5,4,4,4,3.5,3.5,4,3.5,3.5,4,4,EIM,EIM,3.5,4,4,GRADUATED,10/07/19,TEPAT WAKTU
301,1202154220,2.5,3,3.5,3,3.5,2.5,2.5,2,2.5,4,2.5,4,3.5,3.5,2.5,3.5,3,3,3,3.5,EIM,EIM,3.5,4,3.5,GRADUATED,30/08/19,TEPAT WAKTU
302,1202154221,3.5,3.5,2.5,4,4,3.5,3.5,3.5,4,4,4,4,4,3.5,3.5,3.5,3.5,3.5,3.5,3.5,TECHNO,TECHNO,3.5,3.5,2.5,GRADUATED,30/08/19,TEPAT WAKTU
303,1202154222,2.5,2,3.5,0,3,1,1,0,2.5,3,3,3.5,2,3,2,0,2,2.5,3.5,2,TECHNO,TECHNO,3,3,3,STUDENT,OUT,TIDAK TEPAT WAKTU
304,1202154223,4,2.5,4,3.5,3,3,2,1,3,3.5,2.5,3.5,3,2.5,3.5,3.5,3.5,2.5,4,4,EIM,EIM,4,4,4,GRADUATED,30/08/19,TEPAT WAKTU
305,1202154224,3.5,2,4,4,3.5,3.5,4,3.5,3,4,4,4,3.5,4,3.5,3,3.5,3.5,3.5,4,EAD,EAD,4,3.5,3,STUDENT,OUT,TIDAK TEPAT WAKTU
306,1202154225,3.5,3.5,2.5,4,3.5,3,3,3,4,4,4,2.5,4,3.5,4,3.5,3.5,4,4,3.5,ERP,ERP,3.5,4,3.5,GRADUATED,10/07/19,TEPAT WAKTU
307,1202154226,1,0,0,0,0,0,1,0,2,0,3,4,0,0,0,0,0,0,0,0,OUT,OUT,0,0,0,RESIGN,OUT,TIDAK TEPAT WAKTU
308,1202154227,3,3.5,4,3.5,4,3,2.5,3,3,3.5,3.5,4,2.5,3.5,3,2.5,3.5,2.5,3,3,EDM,EDM,3.5,4,3.5,GRADUATED,05/07/19,TEPAT WAKTU
309,1202154290,2,3.5,3.5,4,3,3,3,2,3.5,3.5,2.5,4,4,3.5,3.5,2.5,3.5,3.5,3,3,EA,EA,4,3.5,4,GRADUATED,05/07/19,TEPAT WAKTU
310,1202154291,2,2,3.5,3,3.5,3,1,1,2,2,4,4,2,3,2,1,2,3.5,1,3,EA,EA,3.5,3,4,STUDENT,OUT,TIDAK TEPAT WAKTU
311,1202154292,2,2.5,4,2.5,4,2.5,2.5,2.5,3,3.5,3,4,4,3.5,3,2,2,3.5,3.5,2.5,ERP,ERP,3.5,3.5,3.5,GRADUATED,10/07/19,TEPAT WAKTU
312,1202154293,2.5,3,3.5,2.5,4,3,3,2.5,3.5,3.5,3.5,4,4,2.5,3,3,2,3.5,3.5,3.5,TECHNO,TECHNO,4,4,4,GRADUATED,16/08/19,TEPAT WAKTU
313,1202154294,3,2.5,3.5,1,3.5,2.5,1,1,3,3.5,2.5,4,3.5,3,3,2.5,3.5,3,3.5,3.5,EIM,EIM,3.5,4,3.5,GRADUATED,30/08/19,TEPAT WAKTU
314,1202154295,2.5,2,3.5,1,1,0,3,2,2,2.5,2,4,3.5,3,2.5,2,2,3,2.5,3,EA,EA,4,3,0,STUDENT,OUT,TIDAK TEPAT WAKTU
315,1202154296,3.5,2.5,4,3,3.5,3.5,3.5,1,2.5,3,4,4,4,3.5,3,2.5,3,2.5,2,3.5,EDM,EDM,3,4,4,GRADUATED,28/06/19,TEPAT WAKTU
316,1202154297,3.5,3,4,4,4,3.5,3.5,3.5,3.5,3,4,3.5,4,3.5,4,2.5,3.5,3.5,3.5,3,TECHNO,TECHNO,4,4,4,GRADUATED,28/06/19,TEPAT WAKTU
317,1202154298,2,2.5,4,3,3,2,3,2,3.5,3,2.5,4,3,3.5,3,2,3,3,2.5,2,EA,EA,4,3.5,3.5,GRADUATED,05/07/19,TEPAT WAKTU
318,1202154299,2.5,3,3.5,3.5,4,3.5,2,2,3.5,3.5,4,4,3.5,3.5,3.5,3,3,4,3.5,3.5,ERP,ERP,3.5,3.5,4,GRADUATED,05/07/19,TEPAT WAKTU
319,1202154300,3,3,3.5,3,3.5,2,2.5,3.5,3,3.5,3,4,4,3,3,3,2,3.5,3.5,3,ISM,ISM,3.5,3.5,2,STUDENT,OUT,TIDAK TEPAT WAKTU
320,1202154301,3.5,3,0,2,4,3,3.5,3.5,2,3.5,3.5,4,3.5,3.5,2.5,2,2.5,2.5,3.5,2,OUT,OUT,0,0,0,STUDENT,OUT,TIDAK TEPAT WAKTU
321,1202154302,3,3,2.5,0,3.5,2,3.5,1,3.5,3.5,3,3.5,3,3,2.5,2,3,2.5,3.5,3.5,EA,EA,4,3,3.5,GRADUATED,30/08/19,TEPAT WAKTU
322,1202154303,2.5,2,2.5,3,3,2,3.5,2.5,2.5,2.5,2,4,2,3.5,3,2,2,2.5,2,2,ISM,ISM,4,3.5,3.5,GRADUATED,30/08/19,TEPAT WAKTU
323,1202154304,3.5,2.5,4,3.5,3.5,3.5,3.5,3,3,3.5,4,4,4,3.5,3.5,2,3.5,3.5,2.5,3.5,EA,EA,3.5,3.5,0,GRADUATED,05/07/19,TEPAT WAKTU
324,1202154305,2.5,3.5,4,4,3,3.5,2.5,3,3.5,2.5,3.5,3.5,3.5,3.5,3.5,3.5,3.5,3.5,3.5,4,EA,EA,4,3,3.5,GRADUATED,05/07/19,TEPAT WAKTU
325,1202154306,2.5,3.5,4,4,3.5,3.5,3,3.5,3.5,3.5,3.5,4,3.5,3.5,3.5,3.5,3,4,3.5,3.5,EA,EA,4,3.5,4,GRADUATED,10/07/19,TEPAT WAKTU
326,1202154307,2.5,3,3.5,3.5,3.5,2,2,2,3.5,3.5,4,4,3.5,4,3.5,3.5,4,3.5,3.5,4,EIM,EIM,4,4,3.5,GRADUATED,30/08/19,TEPAT WAKTU
327,1202154308,3,3.5,3.5,3,4,2.5,3.5,4,3.5,3.5,3.5,4,4,3,3.5,3,3.5,3.5,3.5,3.5,EDM,EDM,3,3,3,GRADUATED,30/08/19,TEPAT WAKTU
328,1202154309,3,3.5,3.5,3.5,4,3,4,3.5,3.5,3.5,3.5,4,4,3.5,3.5,2.5,3.5,3.5,4,3.5,ERP,ERP,3.5,3.5,3,GRADUATED,16/08/19,TEPAT WAKTU
329,1202154310,3.5,3,2.5,3.5,3.5,2.5,4,4,3.5,3.5,4,4,3.5,3.5,3,2,2.5,3.5,3.5,3.5,EAD,EAD,4,3.5,2,GRADUATED,05/07/19,TEPAT WAKTU
330,1202154311,3.5,2,4,3,3,3,3.5,4,3,3.5,3,4,2.5,3.5,3,3,2,3,3.5,3,ERP,ERP,3.5,3.5,3.5,GRADUATED,05/07/19,TEPAT WAKTU
331,1202154312,4,3,4,4,4,4,4,4,2.5,3.5,4,4,4,3.5,3.5,3.5,3.5,3.5,3.5,3.5,EDM,EDM,3.5,3.5,4,GRADUATED,28/06/19,TEPAT WAKTU
332,1202154313,2.5,3,0,4,3.5,1,2,1,3.5,2.5,4,3.5,3.5,3.5,3,2.5,3,3.5,3,3,TECHNO,TECHNO,3.5,3,3,GRADUATED,30/08/19,TEPAT WAKTU
333,1202154314,2,3.5,3.5,3.5,3.5,3.5,2.5,1,3.5,3,3,4,3.5,3.5,3,2,3,3,3,3,ISM,ISM,3.5,4,3,GRADUATED,16/08/19,TEPAT WAKTU
334,1202154315,3,3.5,3.5,4,4,3,3,2.5,3.5,3.5,3.5,4,3.5,3.5,3.5,3.5,3.5,4,4,4,ERP,ERP,3.5,3.5,4,GRADUATED,10/07/19,TEPAT WAKTU
335,1202154316,2,3.5,3,3,4,2,2,2,3,3,3,4,4,3,3.5,3,1,3.5,3.5,2,ERP,ERP,3.5,3.5,3,GRADUATED,10/07/19,TEPAT WAKTU
336,1202154317,3,3,3.5,3.5,4,3,4,3.5,3,4,3,4,3.5,3,3.5,2.5,3,2.5,3.5,3.5,EIM,EIM,3.5,4,3.5,GRADUATED,10/07/19,TEPAT WAKTU
337,1202154318,2.5,3,2.5,0,3,2,1,0,2.5,3,3.5,4,3,3,2,2,2.5,2.5,2,3,EA,EA,3,3,0,GRADUATED,16/08/19,TEPAT WAKTU
338,1202154319,0,0,0,0,0,0,0,0,0,0,2,0,0,0,0,0,0,0,0,0,OUT,OUT,0,0,0,RESIGN,OUT,TIDAK TEPAT WAKTU
339,1202154320,4,2.5,4,3.5,3.5,4,4,4,2.5,3.5,4,4,4,4,3.5,3.5,3.5,3.5,3.5,4,EIM,EIM,3.5,4,3.5,GRADUATED,28/06/19,TEPAT WAKTU
340,1202154321,3.5,2.5,1,4,3.5,1,3.5,3.5,4,3.5,3.5,3.5,3.5,3.5,3.5,3.5,3,3.5,3.5,2.5,EAD,EAD,3.5,0,2,STUDENT,OUT,TIDAK TEPAT WAKTU
341,1202154337,3,3.5,4,4,3.5,2.5,3.5,3.5,3.5,3,3,3.5,4,3.5,3.5,3,4,3.5,3.5,4,EDM,EDM,3.5,4,4,GRADUATED,05/07/19,TEPAT WAKTU
342,1202154338,2.5,3,3.5,3.5,3,1,2,1,2.5,2.5,2.5,4,3.5,3,3,2,3.5,2.5,2.5,2.5,EA,EA,3.5,3,3.5,STUDENT,OUT,TIDAK TEPAT WAKTU
343,1202154339,3.5,3.5,3.5,3.5,4,3.5,3.5,3,4,3.5,3.5,4,4,3.5,3.5,3,3,4,4,4,ERP,ERP,4,4,4,GRADUATED,28/06/19,TEPAT WAKTU
344,1202154340,3.5,3.5,3.5,3.5,3.5,2,3.5,4,3,3.5,3,4,4,3,3,3.5,3,3.5,3.5,3.5,EIM,EIM,3.5,4,3.5,GRADUATED,28/06/19,TEPAT WAKTU
345,1202154341,3.5,3.5,3.5,3,4,3,4,4,3.5,3.5,4,4,4,3.5,2.5,3.5,3.5,3.5,4,4,EA,EA,4,3.5,3.5,GRADUATED,05/07/19,TEPAT WAKTU
346,1202154342,3.5,3.5,3,2.5,3.5,3,4,4,3.5,3.5,3.5,4,3.5,3.5,3,3,3,3.5,3.5,3.5,EA,EA,4,2,4,GRADUATED,16/08/19,TEPAT WAKTU
347,1202154343,3.5,2.5,3.5,3.5,3.5,3,4,4,2.5,4,3,4,4,3.5,3,3.5,4,3.5,4,3.5,EIM,EIM,3.5,4,4,GRADUATED,05/07/19,TEPAT WAKTU
348,1202154345,2,3.5,3.5,2.5,2,3.5,1,2,2,2,3,3.5,2.5,3.5,3.5,2,3.5,3.5,2.5,4,EA,EA,3.5,3.5,3.5,GRADUATED,05/07/19,TEPAT WAKTU
349,1202154346,2.5,3.5,4,4,3,3,3.5,2,3,3.5,3,4,3.5,3.5,3,2.5,3.5,3.5,2.5,3.5,EA,EA,3,3.5,4,GRADUATED,05/07/19,TEPAT WAKTU
350,1202154347,3.5,3.5,4,4,4,3.5,3.5,4,4,4,4,4,4,3.5,3.5,3.5,4,4,3.5,4,EA,EA,4,3.5,3.5,GRADUATED,28/06/19,TEPAT WAKTU
351,1202154348,2,2.5,3,3.5,3.5,2,1,2,2.5,3,2.5,4,4,3,3,2,2,3.5,3.5,3.5,ISM,ISM,3.5,4,3.5,GRADUATED,05/07/19,TEPAT WAKTU
352,1202154349,3,3,2,2.5,3.5,2,4,4,3.5,3.5,3.5,4,4,2,2.5,2,2.5,2.5,3.5,2.5,EA,EA,4,3,4,GRADUATED,30/08/19,TEPAT WAKTU
353,1202154350,3.5,3.5,3.5,3.5,4,4,4,4,3.5,3.5,4,4,3.5,3.5,3.5,3.5,3.5,3.5,4,3.5,EDM,EDM,4,4,3.5,GRADUATED,05/07/19,TEPAT WAKTU
354,1202154351,3.5,2,3.5,3.5,3.5,3,3.5,4,2.5,3.5,3,4,3.5,3.5,3,3,3.5,3.5,3.5,3.5,ERP,ERP,3.5,3.5,3.5,GRADUATED,30/08/19,TEPAT WAKTU
355,1202154352,3.5,2.5,3.5,3.5,3.5,4,3.5,3.5,3,3.5,4,4,4,3,3,2.5,2.5,3,3,3,EA,EA,3.5,3.5,3.5,GRADUATED,16/08/19,TEPAT WAKTU
356,1202154353,2.5,3.5,4,4,3.5,3,2.5,3.5,3.5,3,3.5,3,3.5,3.5,3,2.5,4,3.5,3.5,3.5,EDM,EDM,3,3.5,3,GRADUATED,28/06/19,TEPAT WAKTU
357,1202154354,3,3.5,4,3.5,3.5,4,4,4,4,4,3.5,4,4,3.5,4,3,4,4,4,3.5,EAD,EAD,4,3.5,4,GRADUATED,30/08/19,TEPAT WAKTU
358,1202154355,3,3.5,4,3.5,4,3.5,3,3.5,4,4,3.5,4,4,3.5,3.5,3.5,3.5,3.5,4,4,ERP,ERP,4,4,3.5,GRADUATED,28/06/19,TEPAT WAKTU
359,1202154356,3.5,3.5,4,3.5,4,2,3.5,3.5,3.5,3.5,3.5,4,4,2,3.5,4,2.5,3.5,4,4,EIM,EIM,3.5,4,4,GRADUATED,10/07/19,TEPAT WAKTU
360,1202154357,3,3,4,3,4,2,4,3.5,2.5,3.5,3,4,4,3.5,3,2.5,3.5,3.5,4,3.5,ERP,ERP,4,4,3.5,GRADUATED,10/07/19,TEPAT WAKTU
361,1202154358,3.5,3,3.5,2.5,3,2,3.5,3.5,3.5,3,3,4,4,3.5,2.5,2,2.5,3.5,3,3.5,ERP,ERP,3.5,3,3.5,GRADUATED,16/08/19,TEPAT WAKTU
362,1202154359,2.5,2,3.5,3,3.5,2,3.5,3.5,2.5,3,2.5,4,2.5,4,3,2,3,2,2.5,2.5,ERP,ERP,3.5,2.5,3,GRADUATED,16/08/19,TEPAT WAKTU
363,1202154360,3.5,2,3.5,3.5,2.5,3,3.5,1,2.5,3.5,4,4,3.5,3.5,3,2,2.5,3,2.5,2.5,ERP,ERP,4,3.5,3,GRADUATED,10/07/19,TEPAT WAKTU
364,1202154361,2.5,3.5,3.5,3,2.5,3,3,4,4,3,3,3.5,4,3.5,3.5,3.5,3.5,3.5,3.5,4,EA,EA,4,3.5,4,GRADUATED,05/07/19,TEPAT WAKTU
365,1202154362,2.5,3,3.5,3.5,3,1,2,2,3.5,3.5,3,4,3.5,3.5,3,2,3.5,3.5,2.5,3.5,ERP,ERP,4,3.5,4,GRADUATED,05/07/19,TEPAT WAKTU
366,1202154363,3,3.5,3.5,3.5,4,3.5,3.5,4,4,3.5,3.5,4,4,4,4,4,3.5,3.5,4,4,ERP,ERP,4,4,4,GRADUATED,05/07/19,TEPAT WAKTU
367,1202154374,0,0,0,0,0,0,0,0,0,0,3,0,0,0,0,0,0,0,0,0,OUT,OUT,0,0,0,RESIGN,OUT,TIDAK TEPAT WAKTU
368,1202154377,2.5,2.5,3.5,3,3.5,3.5,2,1,2.5,2.5,3.5,4,2.5,3.5,2.5,3,2.5,3.5,3.5,3,ISM,ISM,4,3.5,3,GRADUATED,16/08/19,TEPAT WAKTU
369,1202154378,2.5,3,3.5,3,4,3,3,3.5,3.5,3.5,3.5,4,4,3.5,2.5,3,2.5,3.5,3.5,4,EA,EA,4,3.5,4,GRADUATED,05/07/19,TEPAT WAKTU
370,1202154380,3.5,2.5,3,3,3.5,3.5,3.5,4,3.5,4,3,3.5,3.5,4,3,3.5,3.5,3.5,3.5,3.5,EA,EA,4,4,3.5,#N/A,OUT,TIDAK TEPAT WAKTU